{"total_games": 67, "wins": 0, "losses": 65, "draws": 2, "average_game_length": 57.850746268656714, "total_moves": 3876, "running_loss": [1.6336711020105414, 1.915611207485199, 1.6777403582544888, 1.947478483552518, 1.947478483552518, 2.186181331382078, 1.915611207485199, 1.6777403582544888, 2.017251656168983, 1.7158977929502726, 2.3462654054164886, 1.6777403582544888, 1.885553958415985, 2.13973245355818, 2.186181331382078, 1.626999837321204, 2.186181331382078, 1.758101854721705, 2.289123217264811, 2.017251656168983, 1.5968964818196418, 1.8049545458384924, 1.6777403582544888, 1.8049545458384924, 1.8049545458384924, 1.5208860728475782, 1.758101854721705, 2.0962548444145606, 1.885553958415985, 2.13973245355818, 1.8571720123291016, 1.7809053186712593, 2.0555018812417982, 1.7364587764586172, 2.2358760982751846, 1.7809053186712593, 1.947478483552518, 1.8049545458384924, 1.947478483552518, 2.0962548444145606, 1.8303427806607, 1.981304106387225, 1.758101854721705, 1.5828287571668624, 1.5099625082119652, 1.758101854721705, 1.5208860728475782, 1.3805700780883912, 1.3422055555426555, 1.0, 1.8049545458384924, 1.5968964818196418, 1.6777403582544888, 2.2358760982751846, 1.758101854721705, 1.6963470235015408, 1.885553958415985, 1.8571720123291016, 2.3462654054164886, 2.7056554158528647, 1.0, 2.2358760982751846, 1.7809053186712593, 1.7158977929502726, 1.5208860728475782, 1.8049545458384924, 1.758101854721705]}